{
  "intercept": -37.023277706064256,
  "coefficients": {
    "MedInc": 0.4486749096657182,
    "HouseAge": 0.009724257517905063,
    "AveRooms": -0.12332334282795991,
    "AveBedrms": 0.783144906792973,
    "Population": -2.029620580092512e-06,
    "AveOccup": -0.0035263184871344028,
    "Latitude": -0.41979248658836005,
    "Longitude": -0.43370806496398817
  }
}