{
  "multiple": {
    "MAE": 0.5332001304956557,
    "MSE": 0.5558915986952435,
    "R2": 0.5757877060324514
  },
  "simple": {
    "feature": "MedInc",
    "MAE": 0.629908653009376,
    "MSE": 0.7091157771765548,
    "R2": 0.45885918903846656,
    "intercept": 0.44459729169078677,
    "slope": 0.4193384939381274
  }
}